<?xml version="1.0" encoding="UTF-8" standalone="yes"?>
<addon id="repository.startdev" name="e barasi Repo" version="0.0.1" provider-name="Eric">
	<extension point="xbmc.addon.repository" name="e barasi Repo">
		<dir>
			<info compressed="false">https://raw.githubusercontent.com/totalrevolution/python-koding/master/zips/addons.xml</info>
			<checksum>https://raw.githubusercontent.com/totalrevolution/python-koding/master/zips/addons.xml.md5</checksum>
			<datadir zip="true">https://raw.githubusercontent.com/totalrevolution/python-koding/master/zips/</datadir>
		</dir>
		<info compressed="false">https://raw.githubusercontent.com/kokobarasi/repository.startdev/master/zips/addons.xml</info>
		<checksum>https://raw.githubusercontent.com/kokobarasi/repository.startdev/master/zips/addons.xml.md5</checksum>
		<datadir zip="true">https://raw.githubusercontent.com/kokobarasi/repository.startdev/master/zips/</datadir>
	</extension>
	<extension point="xbmc.addon.metadata">
		<summary lang="en">first repository</summary>
		<description lang="en">first repository</description>
		<genre>adult,anime,documentary,kids,movies,music,trailers,tvshows,african,uk,usa</genre>
	</extension>
</addon>